{
  "project_info": {
    "project_number": "268997769793",
    "project_id": "famcare-mobprog",
    "storage_bucket": "famcare-mobprog.appspot.com"
  },
  "client": [
    {
      "client_info": {
        "mobilesdk_app_id": "1:268997769793:android:49d05f5b5fdf998f71e4c0",
        "android_client_info": {
          "package_name": "com.app.famcare"
        }
      },
      "oauth_client": [],
      "api_key": [
        {
          "current_key": "AIzaSyDuYiMC8-YpZyn4GmO72qNWiqiIzWcu-NY"
        }
      ],
      "services": {
        "appinvite_service": {
          "other_platform_oauth_client": []
        }
      }
    }
  ],
  "configuration_version": "1"
}